date,max_value,max_time,file_date,total_precip
1950-01-04,12449.629923059909,1950-01-03 09:00:00,1950-01-04,282.2246253490448
1950-01-30,10615.853131508336,1950-01-29 06:00:00,1950-01-30,134.19383764266968
1950-02-22,1695.0412839488026,1950-02-21 16:00:00,1950-02-22,301.67582631111145
1950-03-01,2258.0490450930147,1950-02-28 07:00:00,1950-03-01,501.8376111984253
1950-03-08,2873.386660783872,1950-03-06 22:00:00,1950-03-08,163.72308135032654
1950-03-12,8684.19356995612,1950-03-11 01:00:00,1950-03-12,310.65553426742554
1950-03-19,6078.186776218838,1950-03-18 23:00:00,1950-03-19,148.57211709022522
1950-03-27,336.8337414685859,1950-03-26 17:00:00,1950-03-27,282.14898705482483
1950-04-04,2286.66563930192,1950-04-03 22:00:00,1950-04-04,632.5302124023438
1950-04-19,3439.470805828037,1950-04-18 12:00:00,1950-04-19,854.2232513427734
1950-04-25,9079.82701646603,1950-04-24 11:00:00,1950-04-25,272.6598381996155
1950-04-30,7103.76458873656,1950-04-28 23:00:00,1950-04-30,978.8930416107178
1950-05-25,5434.930016198581,1950-05-24 15:00:00,1950-05-25,1890.1517391204834
1950-05-26,5434.65111799738,1950-05-24 15:00:00,1950-05-26,1890.1270627975464
1950-11-02,625.7446150350216,1950-11-01 10:00:00,1950-11-02,84.65270698070526
1950-11-10,1888.94801471904,1950-11-08 14:00:00,1950-11-10,1042.0165061950684
1950-11-24,4488.933865349806,1950-11-23 10:00:00,1950-11-24,109.41189527511597
1950-12-06,12623.602979262305,1950-12-05 01:00:00,1950-12-06,758.8735222816467
1950-12-27,1011.1297579572348,1950-12-26 15:00:00,1950-12-27,62.535360455513
1951-01-02,192.74006163547008,1951-01-01 05:00:00,1951-01-02,495.8711862564087
1951-01-28,2451.09368725824,1951-01-27 05:00:00,1951-01-28,19.30355653166771
1951-02-13,9049.629242888554,1951-02-12 19:00:00,1951-02-13,1708.0955505371094
1951-03-09,5164.179325376066,1951-03-08 09:00:00,1951-03-09,9.48556698858738
1951-03-18,6794.066372593209,1951-03-17 01:00:00,1951-03-18,867.6025867462158
1951-03-24,2864.8185432426435,1951-03-23 08:00:00,1951-03-24,6.488421466201544
1951-04-11,1670.0249199439413,1951-04-10 09:00:00,1951-04-11,1121.9196319580078
1951-04-21,8806.192719460614,1951-04-20 22:00:00,1951-04-21,418.77037286758423
1951-05-07,3787.357402925763,1951-05-06 09:00:00,1951-05-07,895.8371877670288
1951-09-13,2792.0830937803366,1951-09-11 12:00:00,1951-09-13,506.9568157196045
1951-09-16,2497.400683374381,1951-09-15 11:00:00,1951-09-16,278.2166004180908
1951-09-22,1530.375011288009,1951-09-21 05:00:00,1951-09-22,1366.0430908203125
1951-10-06,1369.33073379423,1951-10-05 13:00:00,1951-10-06,2966.348171234131
1951-10-17,3065.628576472162,1951-10-15 14:00:00,1951-10-17,1.1156536638736725
1951-10-22,3166.686185301374,1951-10-21 22:00:00,1951-10-22,325.12009143829346
1951-10-27,2771.073253214036,1951-10-26 09:00:00,1951-10-27,1770.585536956787
1951-10-31,1653.080062192578,1951-10-30 17:00:00,1951-10-31,89.57383781671524
1951-11-06,1641.299929362718,1951-11-05 02:00:00,1951-11-06,1698.299765586853
1951-12-21,4879.882988921222,1951-12-20 02:00:00,1951-12-21,655.130922794342
1952-01-02,10505.380265313132,1952-01-01 00:00:00,1952-01-02,44.05580833554268
1952-03-22,1757.4977145210771,1952-03-21 04:00:00,1952-03-22,4189.165115356445
1952-04-09,7341.093378666312,1952-04-08 22:00:00,1952-04-09,2286.4270210266113
1952-04-10,7341.255058302949,1952-04-08 22:00:00,1952-04-10,2286.4270210266113
1952-05-10,2491.664065087415,1952-05-08 17:00:00,1952-05-10,876.7873048782349
1952-05-17,5304.889198243047,1952-05-16 11:00:00,1952-05-17,3398.582935333252
1952-09-02,880.0698015357509,1952-09-01 11:00:00,1952-09-02,619.0005540847778
1952-09-21,825.9798532337327,1952-09-20 10:00:00,1952-09-21,142.75424182415009
1952-10-15,621.620899394095,1952-10-14 09:00:00,1952-10-15,666.4503216743469
1952-11-03,592.3325208434187,1952-11-02 00:00:00,1952-11-03,305.4617643356323
1952-11-10,2849.708800854636,1952-11-08 21:00:00,1952-11-10,1807.0659637451172
1953-01-16,4933.288066980602,1953-01-15 04:00:00,1953-01-16,682.598352432251
1953-01-28,617.8139436589895,1953-01-28 01:00:00,1953-01-28,1.0568277211859822
1953-02-20,173.368125044222,1953-02-19 23:00:00,1953-02-20,971.0601568222046
1953-04-18,3599.425201946324,1953-04-17 09:00:00,1953-04-18,485.83611845970154
1953-09-04,9882.988254042326,1953-09-03 08:00:00,1953-09-04,145.62349021434784
1953-10-04,579.7264795967687,1953-10-03 08:00:00,1953-10-04,42.825743556022644
1953-11-04,1779.426447388352,1953-11-03 08:00:00,1953-11-04,562.2202157974243
1953-11-19,1562.6586524858672,1953-11-18 21:00:00,1953-11-19,3058.929443359375
1953-12-22,586.9229111033407,1953-12-22 00:00:00,1953-12-22,74.29355382919312
1954-01-21,4172.487423902122,1954-01-20 10:00:00,1954-01-21,211.05580031871796
1954-02-20,1636.9124343520168,1954-02-19 16:00:00,1954-02-20,124.84614551067352
1954-02-28,5666.628083216072,1954-02-27 01:00:00,1954-02-28,634.5897316932678
1954-03-13,762.5566596071675,1954-03-12 22:00:00,1954-03-13,312.287837266922
1954-04-08,1460.2051109936235,1954-04-07 09:00:00,1954-04-08,79.6305239200592
1954-04-16,1085.7229743620603,1954-04-15 19:00:00,1954-04-16,80.13394474983215
1954-04-22,3724.805477544209,1954-04-21 09:00:00,1954-04-22,256.4487159252167
1954-04-30,7030.040416097551,1954-04-29 21:00:00,1954-04-30,1250.4894733428955
1954-05-02,2085.33296002844,1954-05-01 09:00:00,1954-05-02,2876.0318756103516
1954-09-30,2451.850722359833,1954-09-30 03:00:00,1954-09-30,112.24855482578278
1954-10-05,9635.652260373892,1954-10-04 22:00:00,1954-10-05,405.2164554595947
1955-02-11,5421.964668992915,1955-02-10 02:00:00,1955-02-11,452.6222348213196
1955-02-20,1423.9519051069888,1955-02-18 15:00:00,1955-02-20,1466.330647468567
1955-03-06,4261.014353106318,1955-03-05 09:00:00,1955-03-06,192.48256087303162
1955-03-16,2254.8772280218896,1955-03-15 05:00:00,1955-03-16,459.2660069465637
1955-03-21,7640.112990037391,1955-03-20 14:00:00,1955-03-21,791.0686731338501
1955-03-26,3657.4049607053166,1955-03-25 04:00:00,1955-03-26,776.6438722610474
1955-04-01,353.5695254748179,1955-03-31 04:00:00,1955-04-01,1233.577013015747
1955-04-04,636.224379959451,1955-04-03 05:00:00,1955-04-04,130.29208779335022
1955-04-13,6110.46062133846,1955-04-12 07:00:00,1955-04-13,2107.7423095703125
1955-04-28,1729.427257228784,1955-04-27 16:00:00,1955-04-28,23.19522760808468
1955-10-07,1874.285187578774,1955-10-06 08:00:00,1955-10-07,168.39446127414703
1955-10-24,7089.835782604919,1955-10-23 15:00:00,1955-10-24,276.6980230808258
1955-11-16,3612.046346429048,1955-11-15 15:00:00,1955-11-16,643.6877250671387
1955-11-23,822.9622187705197,1955-11-22 18:00:00,1955-11-23,252.2241473197937
1955-11-28,6354.01443793545,1955-11-27 13:00:00,1955-11-28,98.92074763774872
1956-01-29,899.9424220182054,1956-01-29 11:00:00,1956-01-29,1565.1237964630127
1956-03-07,1323.389031472132,1956-03-06 20:00:00,1956-03-07,562.3854994773865
1956-03-11,562.4055978004945,1956-03-10 18:00:00,1956-03-11,619.832456111908
1956-03-12,686.6435295595479,1956-03-11 23:00:00,1956-03-12,837.340235710144
1956-03-28,1925.9277960322745,1956-03-27 12:00:00,1956-03-28,39.25660252571106
1956-04-03,1258.68602900059,1956-04-03 03:00:00,1956-04-03,875.389814376831
1956-04-29,5633.170494864424,1956-04-28 09:00:00,1956-04-29,517.4815058708191
1956-05-14,3052.7156698981785,1956-05-13 21:00:00,1956-05-14,652.6961326599121
1956-09-06,8297.916523251979,1956-09-05 17:00:00,1956-09-06,16.186745837330818
1956-11-15,590.2626821023912,1956-11-14 21:00:00,1956-11-15,598.7309813499451
1957-01-16,4458.314661668655,1957-01-14 23:00:00,1957-01-16,380.26317954063416
1957-01-23,3078.262993186356,1957-01-22 01:00:00,1957-01-23,552.3149371147156
1957-04-08,7587.817731506302,1957-04-07 01:00:00,1957-04-08,2594.1131114959717
1957-09-10,3414.81305580041,1957-09-09 10:00:00,1957-09-10,407.5041711330414
1957-09-20,1647.849961693927,1957-09-19 02:00:00,1957-09-20,85.32793819904327
1957-11-28,456.4265213328896,1957-11-27 09:00:00,1957-11-28,298.564076423645
1957-12-11,207.6926369712457,1957-12-11 03:00:00,1957-12-11,0.00604335218667984
1958-04-24,981.365663070933,1958-04-24 03:00:00,1958-04-24,169.18224096298218
1958-05-09,1504.046124514509,1958-05-08 17:00:00,1958-05-09,2988.2946014404297
1958-10-01,10243.298418352244,1958-09-30 04:00:00,1958-10-01,260.85641980171204
1958-10-21,3744.57913677294,1958-10-20 17:00:00,1958-10-21,10.622864589095116
1958-11-06,1522.7692470171587,1958-11-05 07:00:00,1958-11-06,338.70282769203186
1958-11-12,792.5760591310298,1958-11-11 14:00:00,1958-11-12,11.980504728853703
1958-11-18,2553.798030896317,1958-11-17 05:00:00,1958-11-18,1699.204683303833
1958-12-05,1269.5855378667,1958-12-04 19:00:00,1958-12-05,316.59552454948425
1959-01-03,3741.334583753184,1959-01-02 12:00:00,1959-01-03,861.1422181129456
1959-01-04,3741.203220883133,1959-01-02 12:00:00,1959-01-04,861.1422181129456
1959-01-15,408.1271523050176,1959-01-15 09:00:00,1959-01-15,394.24771070480347
1959-02-19,14164.792980117249,1959-02-17 22:00:00,1959-02-19,330.2878737449646
1959-03-03,812.130846294853,1959-03-02 12:00:00,1959-03-03,65.4064267873764
1959-03-05,767.5564650212937,1959-03-04 10:00:00,1959-03-05,571.5725421905518
1959-03-15,723.5248195520369,1959-03-14 14:00:00,1959-03-15,708.0215215682983
1959-03-21,560.8366215885476,1959-03-20 03:00:00,1959-03-21,3823.34041595459
1959-03-26,2740.866951312583,1959-03-25 07:00:00,1959-03-26,4514.708518981934
1959-04-08,5112.165689153647,1959-04-07 09:00:00,1959-04-08,765.3666138648987
1959-09-10,2815.9901432941388,1959-09-09 13:00:00,1959-09-10,0.044058309867978096
1959-10-17,1453.871174470827,1959-10-16 14:00:00,1959-10-17,444.43103671073914
1959-10-27,2986.981185354559,1959-10-26 06:00:00,1959-10-27,2.5042216293513775
1959-11-06,15325.752895561089,1959-11-04 22:00:00,1959-11-06,574.8071670532227
1959-11-14,14525.349028749004,1959-11-12 22:00:00,1959-11-14,185.97567081451416
1959-11-17,10817.38328640454,1959-11-16 09:00:00,1959-11-17,3.2864490058273077
1959-11-27,2212.3607083094366,1959-11-26 03:00:00,1959-11-27,638.7442350387573
1959-12-05,353.9032969157235,1959-12-04 10:00:00,1959-12-05,232.69155621528625
1959-12-09,339.558016086213,1959-12-08 07:00:00,1959-12-09,0.006376998499035835
1960-01-15,2172.2682482698647,1960-01-14 10:00:00,1960-01-15,2387.542247772217
1960-02-23,1469.7310734958855,1960-02-22 12:00:00,1960-02-23,1624.8282194137573
1960-04-30,1857.038548280531,1960-04-29 09:00:00,1960-04-30,1697.9070901870728
1960-05-20,2911.5515478399825,1960-05-19 21:00:00,1960-05-20,825.4084587097168
1960-11-09,826.3388654759577,1960-11-08 22:00:00,1960-11-09,1410.7692241668701
1960-11-23,370.6987129577057,1960-11-22 00:00:00,1960-11-23,90.21921455860138
1961-01-25,1614.1379713772396,1961-01-24 10:00:00,1961-01-25,11.44280843436718
1961-02-18,1391.2549119321689,1961-02-17 11:00:00,1961-02-18,661.3547801971436
1961-02-24,253.5714827481812,1961-02-23 05:00:00,1961-02-24,1236.4921569824219
1961-02-27,1358.5745682252116,1961-02-26 10:00:00,1961-02-27,1484.2824935913086
1961-03-17,1628.6987903839547,1961-03-16 05:00:00,1961-03-17,625.9660720825195
1961-05-02,11890.218535062902,1961-05-01 15:00:00,1961-05-02,311.8099868297577
1961-05-14,4496.907992546606,1961-05-14 01:00:00,1961-05-14,2866.856098175049
1961-09-04,7521.4495302997075,1961-09-03 02:00:00,1961-09-04,2347.2979068756104
1961-10-09,2022.699680280491,1961-10-09 03:00:00,1961-10-09,1047.8994846343994
1961-10-19,1465.658003241485,1961-10-18 10:00:00,1961-10-19,6.135585717856884
1961-10-30,2631.341429379259,1961-10-29 20:00:00,1961-10-30,1057.2032928466797
1961-11-03,8249.61127882811,1961-11-02 17:00:00,1961-11-03,167.57771372795105
1961-11-13,725.5402128037662,1961-11-12 19:00:00,1961-11-13,1087.0866775512695
1962-01-10,1767.4044246676924,1962-01-09 01:00:00,1962-01-10,685.000479221344
1962-02-06,3912.242762294404,1962-02-05 05:00:00,1962-02-06,14.426907524466515
1962-02-24,2777.62496750934,1962-02-23 20:00:00,1962-02-24,194.66201961040497
1962-03-30,3468.339954620117,1962-03-29 05:00:00,1962-03-30,776.9526839256287
1962-09-05,6611.9419809138535,1962-09-03 16:00:00,1962-09-05,487.29407787323
1962-09-20,7888.841468083145,1962-09-19 23:00:00,1962-09-20,1349.2984771728516
1962-11-16,659.199855243703,1962-11-15 19:00:00,1962-11-16,1710.4542255401611
1962-12-05,627.5353298704669,1962-12-04 10:00:00,1962-12-05,55.18433451652527
1962-12-12,1708.3690533343963,1962-12-12 04:00:00,1962-12-12,0.8233478292822838
1963-01-11,3486.9907921479416,1963-01-10 16:00:00,1963-01-11,1046.0655689239502
1963-01-30,4017.007465848194,1963-01-29 08:00:00,1963-01-30,65.45491516590118
1963-02-03,4615.33449759922,1963-02-02 12:00:00,1963-02-03,56.5258264541626
1963-03-05,5102.454966464145,1963-03-04 01:00:00,1963-03-05,2564.0790462493896
1963-05-20,3925.679340994708,1963-05-19 16:00:00,1963-05-20,485.66070199012756
1963-11-01,1750.7585953295688,1963-10-31 13:00:00,1963-11-01,1368.1004047393799
1963-11-29,378.5811342229689,1963-11-28 11:00:00,1963-11-29,0.20987913012504578
1963-12-08,597.6247770150089,1963-12-07 10:00:00,1963-12-08,20.33931389451027
1964-02-03,261.6928652730376,1964-02-02 14:00:00,1964-02-03,765.6148672103882
1964-02-26,864.0408563445089,1964-02-25 15:00:00,1964-02-26,399.2670476436615
1964-03-04,558.0603163686797,1964-03-03 06:00:00,1964-03-04,633.9082717895508
1964-03-20,6120.580764931002,1964-03-19 09:00:00,1964-03-20,1449.584722518921
1964-04-18,1349.8789926758077,1964-04-17 14:00:00,1964-04-18,6.965742912143469
1964-05-27,6203.93021723988,1964-05-27 01:00:00,1964-05-27,1230.5374145507812
1964-09-20,5460.085623932981,1964-09-19 14:00:00,1964-09-20,451.6737163066864
1964-09-27,2798.258338207995,1964-09-26 13:00:00,1964-09-27,211.83300018310547
1964-10-18,593.65557626395,1964-10-17 16:00:00,1964-10-18,142.88438856601715
1964-11-27,1984.6731146410727,1964-11-26 08:00:00,1964-11-27,10.96957828849554
1964-12-13,344.206859084712,1964-12-13 09:00:00,1964-12-13,0.0398589763790369
1964-12-18,11185.937326468773,1964-12-16 20:00:00,1964-12-18,82.12587237358093
1965-01-09,4930.350054094242,1965-01-08 13:00:00,1965-01-09,323.436975479126
1965-01-26,607.5469221831142,1965-01-25 17:00:00,1965-01-26,603.7613749504089
1965-02-02,10399.369101532311,1965-01-31 23:00:00,1965-02-02,236.57581210136414
1965-02-08,1667.7552571200436,1965-02-07 13:00:00,1965-02-08,693.3983564376831
1965-02-22,2774.915751976361,1965-02-21 08:00:00,1965-02-22,52.76738852262497
1965-02-24,3969.8665178727056,1965-02-23 04:00:00,1965-02-24,1111.736536026001
1965-03-18,4512.112810149358,1965-03-17 13:00:00,1965-03-18,531.9637656211853
1965-03-24,11095.313542284328,1965-03-23 04:00:00,1965-03-24,493.4588372707367
1965-04-25,6309.620518444401,1965-04-24 07:00:00,1965-04-25,1008.220911026001
1965-10-12,2486.202688353719,1965-10-11 05:00:00,1965-10-12,46.34656012058258
1966-03-18,2616.4891923945324,1966-03-17 23:00:00,1966-03-18,3.95607715472579
1966-03-23,3432.695972270862,1966-03-22 10:00:00,1966-03-23,1014.431357383728
1966-04-04,2126.04125116212,1966-04-02 22:00:00,1966-04-04,676.1080622673035
1966-04-18,5093.409126847636,1966-04-17 22:00:00,1966-04-18,827.3380994796753
1966-04-20,9096.782362141914,1966-04-19 10:00:00,1966-04-20,979.6808958053589
1966-05-10,4286.110423893963,1966-05-09 03:00:00,1966-05-10,562.7279281616211
1966-10-01,6056.00635717661,1966-09-30 04:00:00,1966-10-01,104.22183573246002
1966-10-15,3756.5069864204033,1966-10-14 11:00:00,1966-10-15,2611.255645751953
1966-11-01,888.7113938178745,1966-10-31 19:00:00,1966-11-01,810.7740879058838
1966-11-10,8458.448309894398,1966-11-09 03:00:00,1966-11-10,615.8509254455566
1967-01-07,1735.6260025097397,1967-01-06 14:00:00,1967-01-07,402.6455879211426
1967-01-15,370.15277456745787,1967-01-14 17:00:00,1967-01-15,612.5079989433289
1967-02-16,12627.107899107878,1967-02-15 12:00:00,1967-02-16,35.58308631181717
1967-02-20,746.203550862613,1967-02-19 15:00:00,1967-02-20,654.3111801147461
1967-03-04,1584.553802872419,1967-03-04 08:00:00,1967-03-04,320.69557905197144
1967-03-08,1789.025589554651,1967-03-07 11:00:00,1967-03-08,464.18702602386475
1967-03-18,3687.6740026004,1967-03-17 08:00:00,1967-03-18,247.18442559242249
1967-03-26,3417.627591206318,1967-03-25 23:00:00,1967-03-26,392.0687139034271
1967-03-31,1667.8253457457845,1967-03-30 15:00:00,1967-03-31,5.567989312112331
1967-04-14,2377.671699927544,1967-04-12 12:00:00,1967-04-14,380.9806704521179
1967-05-01,683.0373574262542,1967-04-30 08:00:00,1967-05-01,681.194543838501
1967-05-12,9357.663105924476,1967-05-10 12:00:00,1967-05-12,29.428033158183098
1967-05-27,13558.302419787788,1967-05-26 23:00:00,1967-05-27,3839.4036293029785
1967-10-16,3253.4620543733167,1967-10-14 23:00:00,1967-10-16,1347.388505935669
1967-10-30,1464.807266536635,1967-10-29 09:00:00,1967-10-30,1264.6597623825073
1967-11-03,1340.6775792086664,1967-11-02 13:00:00,1967-11-03,1202.3108005523682
1967-12-13,355.8616869980598,1967-12-12 14:00:00,1967-12-13,1428.8105964660645
1967-12-22,1787.6357074403538,1967-12-20 20:00:00,1967-12-22,27.418822050094604
1968-01-07,4294.177900050486,1968-01-06 11:00:00,1968-01-07,54.89352345466614
1968-01-27,876.0253247309826,1968-01-26 01:00:00,1968-01-27,43.5534305870533
1968-01-30,550.2032875192882,1968-01-29 15:00:00,1968-01-30,72.84478843212128
1968-02-22,14083.828299585866,1968-02-21 01:00:00,1968-02-22,963.5084271430969
1968-03-03,990.4681706848332,1968-03-02 17:00:00,1968-03-03,325.295090675354
1968-04-01,2574.414735127829,1968-03-31 09:00:00,1968-04-01,26.726823300123215
1968-04-04,7310.53904902511,1968-04-03 15:00:00,1968-04-04,1133.1443786621094
1968-04-23,806.861240784911,1968-04-22 09:00:00,1968-04-23,786.4392995834351
1968-09-04,1248.461041755358,1968-09-02 17:00:00,1968-09-04,329.4703960418701
1968-10-17,8396.003707531354,1968-10-16 07:00:00,1968-10-17,1975.5349159240723
1968-12-13,1404.6769246191946,1968-12-12 08:00:00,1968-12-13,655.7239294052124
1969-01-24,7088.8395863202895,1969-01-23 00:00:00,1969-01-24,342.38696098327637
1969-03-03,2972.1509468415256,1969-03-02 04:00:00,1969-03-03,2240.056276321411
1969-10-11,2717.3623752840363,1969-10-10 01:00:00,1969-10-11,2088.9670848846436
1969-11-14,1785.6011866748806,1969-11-13 16:00:00,1969-11-14,117.39587783813477
1969-11-18,1212.65895976124,1969-11-17 17:00:00,1969-11-18,838.6460542678833
1970-01-29,1301.6300447551453,1970-01-28 17:00:00,1970-01-29,296.5174615383148
1970-02-19,210.86636569047045,1970-02-18 16:00:00,1970-02-19,202.45428383350372
1970-03-10,6772.76180795384,1970-03-10 01:00:00,1970-03-10,553.139328956604
1970-03-26,1330.818762418597,1970-03-25 04:00:00,1970-03-26,799.1487383842468
1970-09-13,1401.1112430646608,1970-09-12 10:00:00,1970-09-13,1040.8315658569336
1970-09-26,2365.18570949598,1970-09-25 00:00:00,1970-09-26,2092.4782752990723
1970-11-23,1360.5610232130416,1970-11-22 09:00:00,1970-11-23,85.79352498054504
1970-11-27,4664.040831417922,1970-11-26 21:00:00,1970-11-27,392.71849393844604
1971-03-06,1018.4739854034736,1971-03-05 06:00:00,1971-03-06,1649.2655277252197
1971-03-15,1064.7082869522278,1971-03-14 11:00:00,1971-03-15,406.5389037132263
1971-03-19,3027.718355698096,1971-03-18 04:00:00,1971-03-19,558.2444071769714
1971-03-29,3334.8835804840705,1971-03-29 01:00:00,1971-03-29,229.56505417823792
1971-04-02,1190.8743541006809,1971-04-01 02:00:00,1971-04-02,58.93910303711891
1971-09-09,3233.061788831419,1971-09-08 06:00:00,1971-09-09,455.73359727859497
1971-10-30,7425.743717790458,1971-10-28 20:00:00,1971-10-30,1054.2880296707153
1971-11-06,647.8934175828138,1971-11-05 16:00:00,1971-11-06,60.601137578487396
1972-01-04,1150.916290868343,1972-01-03 06:00:00,1972-01-04,1443.8072443008423
1972-01-14,16326.31766923535,1972-01-12 22:00:00,1972-01-14,881.6306591033936
1972-01-27,10011.311457471702,1972-01-26 12:00:00,1972-01-27,74.26244765520096
1972-02-03,1172.1175543215477,1972-02-01 22:00:00,1972-02-03,402.7356505393982
1972-03-02,2529.4530593541144,1972-03-01 11:00:00,1972-03-02,476.3697683811188
1972-03-08,1859.395814287488,1972-03-07 14:00:00,1972-03-08,7.711356971412897
1972-03-28,1480.30420253415,1972-03-27 07:00:00,1972-03-28,1085.5811834335327
1972-04-04,4147.190438342935,1972-04-03 09:00:00,1972-04-04,78.16866785287857
1972-04-15,1537.127432598203,1972-04-14 16:00:00,1972-04-15,1386.0405683517456
1972-04-27,11936.34637379082,1972-04-26 01:00:00,1972-04-27,3773.671865463257
1972-10-31,3997.1218546389705,1972-10-30 08:00:00,1972-10-31,1046.874761581421
1972-12-04,2160.1915368555024,1972-12-03 11:00:00,1972-12-04,109.3035489320755
1973-04-08,2192.154157608442,1973-04-07 13:00:00,1973-04-08,3167.6299571990967
1973-04-16,6889.325703811463,1973-04-15 09:00:00,1973-04-16,663.4485125541687
1973-10-04,4364.259220595278,1973-10-03 17:00:00,1973-10-04,412.0769798755646
1973-11-03,1209.6769734736624,1973-11-02 02:00:00,1973-11-03,867.0954704284668
1973-12-04,731.7854973643571,1973-12-04 07:00:00,1973-12-04,22.256171330809593
1973-12-19,3966.36820256994,1973-12-18 17:00:00,1973-12-19,2927.9303550720215
1974-03-10,2338.651519390676,1974-03-09 09:00:00,1974-03-10,2468.5888290405273
1974-04-04,1355.861609565413,1974-04-03 08:00:00,1974-04-04,1931.7389726638794
1974-09-12,6189.050734508169,1974-09-12 01:00:00,1974-09-12,1361.8676662445068
1974-09-13,6188.544763392846,1974-09-12 01:00:00,1974-09-13,1361.8676662445068
1974-10-07,959.2078722296172,1974-10-06 05:00:00,1974-10-07,209.72919464111328
1974-11-24,509.582392085433,1974-11-23 15:00:00,1974-11-24,693.7756538391113
1975-01-22,227.73668590493705,1975-01-21 14:00:00,1975-01-22,435.53459644317627
1975-01-28,1116.049612815868,1975-01-27 12:00:00,1975-01-28,54.9311600625515
1975-02-09,3714.255373205464,1975-02-08 11:00:00,1975-02-09,79.165518283844
1975-03-28,6859.018651139574,1975-03-27 10:00:00,1975-03-28,819.3763494491577
1975-04-02,5486.814586431122,1975-04-01 07:00:00,1975-04-02,1015.2860879898071
1975-04-19,480.8769649785368,1975-04-18 10:00:00,1975-04-19,919.9191331863403
1975-10-24,3300.1176101195283,1975-10-23 08:00:00,1975-10-24,1203.7725448608398
1975-11-19,3353.691334353112,1975-11-19 02:00:00,1975-11-19,6496.6630935668945
1975-12-15,1692.648679200817,1975-12-14 13:00:00,1975-12-15,308.305025100708
1976-02-05,2481.896915018231,1976-02-04 09:00:00,1976-02-05,328.7712633609772
1976-02-21,833.746927640877,1976-02-20 14:00:00,1976-02-21,1750.7827281951904
1976-03-04,10077.480881496787,1976-03-03 02:00:00,1976-03-04,433.24223160743713
1976-03-13,3281.873332792672,1976-03-12 06:00:00,1976-03-13,241.679385304451
1976-03-21,1565.2135978455487,1976-03-20 01:00:00,1976-03-21,27.952149510383606
1976-03-27,784.6483751397418,1976-03-26 05:00:00,1976-03-27,759.2583298683167
1976-10-16,2239.809714501592,1976-10-15 09:00:00,1976-10-16,13.101058080792427
1976-11-12,1805.9826281904136,1976-11-11 05:00:00,1976-11-12,639.9838924407959
1976-11-27,4512.333130694922,1976-11-26 19:00:00,1976-11-27,1368.6414957046509
1976-12-11,1797.2120621152294,1976-12-10 08:00:00,1976-12-11,480.72707653045654
1976-12-20,190.97439044763388,1976-12-19 13:00:00,1976-12-20,7.641896605491638
1976-12-31,1229.2804955859765,1976-12-30 16:00:00,1976-12-31,88.08444440364838
1977-01-09,4088.4872405180304,1977-01-08 12:00:00,1977-01-09,707.5570225715637
1977-01-29,3099.321240911426,1977-01-28 14:00:00,1977-01-29,10.269610211253166
1977-02-15,1263.0037190708906,1977-02-14 04:00:00,1977-02-15,368.4932589530945
1977-09-10,7313.273579909359,1977-09-09 06:00:00,1977-09-10,92.78294444084167
1977-11-21,11108.05032348921,1977-11-20 08:00:00,1977-11-21,33.22584927082062
1977-11-28,86.800074169202,1977-11-27 15:00:00,1977-11-28,235.65635085105896
1977-12-09,1451.7977568256092,1977-12-08 10:00:00,1977-12-09,344.1340923309326
1977-12-20,85.47827133322399,1977-12-19 10:00:00,1977-12-20,49.64777082204819
1978-01-09,1397.1232620732696,1978-01-08 08:00:00,1978-01-09,6.951529532670975
1978-09-20,1796.2479395134865,1978-09-19 07:00:00,1978-09-20,425.6887137889862
1978-10-31,413.7273648616088,1978-10-30 10:00:00,1978-10-31,11.742185801267624
1978-11-11,1919.233416045976,1978-11-10 10:00:00,1978-11-11,159.1048687696457
1978-12-03,4111.234914840761,1978-12-02 04:00:00,1978-12-03,1932.329535484314
1978-12-07,11036.32599566534,1978-12-05 16:00:00,1978-12-07,1679.3861389160156
1978-12-21,432.7327451377549,1978-12-20 07:00:00,1978-12-21,167.16177761554718
1978-12-30,2134.899413714822,1978-12-29 05:00:00,1978-12-30,124.36587363481522
1979-01-14,3732.156154832264,1979-01-12 21:00:00,1979-01-14,2173.5806465148926
1979-02-16,4892.437455035246,1979-02-15 15:00:00,1979-02-16,30.550314113497734
1979-05-31,2909.019429154445,1979-05-30 07:00:00,1979-05-31,2433.4723949432373
1979-10-04,756.8378623380833,1979-10-03 07:00:00,1979-10-04,38.05479779839516
1979-10-10,2781.2141287175195,1979-10-09 03:00:00,1979-10-10,173.3926683664322
1979-12-12,1347.000268021014,1979-12-11 11:00:00,1979-12-12,402.45896577835083
1979-12-17,4252.505825399312,1979-12-16 10:00:00,1979-12-17,17.911268398165703
1980-01-27,2938.756703810828,1980-01-26 08:00:00,1980-01-27,715.4213190078735
1980-03-01,10473.50847810263,1980-02-29 09:00:00,1980-03-01,1065.3009414672852
1980-03-17,2730.708273296027,1980-03-16 18:00:00,1980-03-17,1746.3405132293701
1980-04-12,704.980462169447,1980-04-11 00:00:00,1980-04-12,1355.9635877609253
1980-09-10,4707.131602362412,1980-09-09 13:00:00,1980-09-10,3664.5665168762207
1980-09-23,772.4517903713725,1980-09-21 17:00:00,1980-09-23,152.58316695690155
1980-10-11,636.408429524247,1980-10-10 05:00:00,1980-10-11,1.0611035395413637
1980-10-24,177.52683010435547,1980-10-23 07:00:00,1980-10-24,230.46350479125977
1980-11-14,1183.8210687588744,1980-11-13 11:00:00,1980-11-14,1072.2944736480713
1980-11-24,1239.1150636580878,1980-11-24 06:00:00,1980-11-24,2469.9254035949707
1980-12-19,4198.829517768221,1980-12-18 23:00:00,1980-12-19,245.97065150737762
1980-12-25,3989.332744059155,1980-12-24 17:00:00,1980-12-25,30.15383705496788
1981-02-22,1026.6302028977286,1981-02-21 06:00:00,1981-02-22,596.278190612793
1981-03-29,1030.168646094903,1981-03-28 09:00:00,1981-03-29,3842.1201705932617
1981-10-22,2720.9770547051567,1981-10-21 13:00:00,1981-10-22,264.4384801387787
1981-10-31,547.8385893721378,1981-10-30 05:00:00,1981-10-31,406.6796898841858
1981-11-27,183.08742965457407,1981-11-26 02:00:00,1981-11-27,626.9792318344116
1982-01-07,9150.1528902576,1982-01-06 16:00:00,1982-01-07,493.3658242225647
1982-01-11,5345.373631902376,1982-01-10 04:00:00,1982-01-11,236.05366051197052
1982-01-17,6907.796427037303,1982-01-16 05:00:00,1982-01-17,103.6560907959938
1982-02-24,1086.327603618833,1982-02-24 10:00:00,1982-02-24,279.7045111656189
1982-03-04,4218.105702473736,1982-03-03 06:00:00,1982-03-04,942.4253702163696
1982-04-03,1717.5995799059233,1982-04-02 15:00:00,1982-04-03,71.34244590997696
1982-04-17,498.1411260012891,1982-04-16 09:00:00,1982-04-17,554.8326969146729
1982-04-20,1497.6086689855854,1982-04-19 08:00:00,1982-04-20,322.0827579498291
1982-05-06,1528.5775006606864,1982-05-05 17:00:00,1982-05-06,1713.8657569885254
1982-10-20,3761.211741788153,1982-10-19 15:00:00,1982-10-20,199.73355531692505
1982-12-19,294.567722088068,1982-12-18 21:00:00,1982-12-19,1.7867268761619925
1983-03-16,832.570156292614,1983-03-15 17:00:00,1983-03-16,3679.460048675537
1983-04-02,3227.5529671606087,1983-04-01 06:00:00,1983-04-02,1080.3829431533813
1983-09-21,15918.379610770038,1983-09-20 03:00:00,1983-09-21,181.6452145576477
1983-10-09,3549.0733652149133,1983-10-08 14:00:00,1983-10-09,855.0896048545837
1983-10-12,901.360078764838,1983-10-10 20:00:00,1983-10-12,784.3326330184937
1983-10-25,1150.8099310000694,1983-10-24 16:00:00,1983-10-25,177.92439460754395
1983-11-09,9409.773638531682,1983-11-08 23:00:00,1983-11-09,1824.2838382720947
1983-11-27,5678.670660681398,1983-11-26 17:00:00,1983-11-27,3998.7130165100098
1984-03-19,6047.044419866915,1984-03-18 13:00:00,1984-03-19,5133.975028991699
1984-05-26,2577.714941872398,1984-05-25 09:00:00,1984-05-26,1103.9175987243652
1984-09-26,13907.230499541847,1984-09-25 05:00:00,1984-09-26,309.62684750556946
1984-12-13,1137.5531750320088,1984-12-12 16:00:00,1984-12-13,1060.8612298965454
1984-12-25,3181.950434111668,1984-12-24 15:00:00,1984-12-25,7.714440114796162
1985-03-30,957.4073903225178,1985-03-28 08:00:00,1985-03-30,616.206169128418
1985-09-29,1928.740477548807,1985-09-28 05:00:00,1985-09-29,1711.654782295227
1985-10-09,2814.574402922178,1985-10-09 00:00:00,1985-10-09,901.4602899551392
1986-01-05,327.3862505856084,1986-01-04 04:00:00,1986-01-05,20.748676732182503
1986-01-22,379.2734153636303,1986-01-21 14:00:00,1986-01-22,3.606087062507868
1986-02-21,12410.97467316169,1986-02-20 09:00:00,1986-02-21,732.571542263031
1986-04-04,1612.4429343187833,1986-04-03 11:00:00,1986-04-04,4555.233955383301
1986-10-04,2368.4026259733105,1986-10-02 12:00:00,1986-10-04,522.9706764221191
1986-10-10,1826.1785791333111,1986-10-09 14:00:00,1986-10-10,360.015332698822
1986-10-12,6078.806518405992,1986-10-11 12:00:00,1986-10-12,2701.1361122131348
1986-11-01,849.0971245153787,1986-10-31 12:00:00,1986-11-01,2058.382511138916
1986-11-13,2873.303881915764,1986-11-12 12:00:00,1986-11-13,238.35280537605286
1986-11-23,514.1930981540712,1986-11-22 14:00:00,1986-11-23,1177.4624586105347
1986-12-01,221.0072591984085,1986-11-30 12:00:00,1986-12-01,2485.992193222046
1987-01-15,437.8860917413144,1987-01-14 12:00:00,1987-01-15,114.79736119508743
1987-03-09,4281.055530586228,1987-03-08 22:00:00,1987-03-09,910.1145267486572
1987-04-21,671.2709225404035,1987-04-20 05:00:00,1987-04-21,801.6894459724426
1987-10-15,1643.2157857488246,1987-10-14 12:00:00,1987-10-15,596.8678593635559
1988-02-11,6611.390788181424,1988-02-10 11:00:00,1988-02-11,491.6844069957733
1988-03-03,1589.371897932987,1988-03-02 13:00:00,1988-03-03,1457.0050239562988
1988-03-12,1013.7777733578312,1988-03-10 22:00:00,1988-03-12,1030.2250385284424
1988-03-29,1177.6188671747325,1988-03-28 22:00:00,1988-03-29,631.280779838562
1988-04-01,1076.9788070204731,1988-03-31 02:00:00,1988-04-01,3903.461456298828
1988-04-10,3261.7837595965816,1988-04-09 00:00:00,1988-04-10,469.05532479286194
1988-05-03,3304.1729477578683,1988-05-02 05:00:00,1988-05-03,4891.863822937012
1988-09-13,2384.410140524677,1988-09-12 21:00:00,1988-09-13,2328.566789627075
1988-10-05,1847.8332502300984,1988-10-04 14:00:00,1988-10-05,441.2255883216858
1988-11-26,393.5004021733996,1988-11-25 06:00:00,1988-11-26,879.243016242981
1988-12-08,1368.8473492417097,1988-12-07 23:00:00,1988-12-08,806.1826825141907
1988-12-15,385.4913569290671,1988-12-14 15:00:00,1988-12-15,1672.6410388946533
1989-01-08,580.4080354830043,1989-01-07 10:00:00,1989-01-08,163.79690170288086
1989-01-25,743.4109010070862,1989-01-25 02:00:00,1989-01-25,713.1768465042114
1989-02-02,8332.019941429402,1989-02-01 14:00:00,1989-02-02,30.681181699037552
1989-02-04,17294.244851887415,1989-02-02 13:00:00,1989-02-04,118.9357340335846
1989-02-27,928.6645191716096,1989-02-26 13:00:00,1989-02-27,557.8649044036865
1989-03-05,29289.649384582583,1989-03-03 20:00:00,1989-03-05,487.59618401527405
1989-03-15,563.0604153389957,1989-03-15 02:00:00,1989-03-15,30.00807762145996
1989-03-21,3354.031183566987,1989-03-20 11:00:00,1989-03-21,1417.4480438232422
1989-04-09,865.7413885341648,1989-04-08 10:00:00,1989-04-09,1471.6111421585083
1989-05-10,1940.418253697638,1989-05-09 15:00:00,1989-05-10,436.1589550971985
1989-10-16,3117.2439785647857,1989-10-16 01:00:00,1989-10-16,2036.0655784606934
1989-11-02,303.7748016761691,1989-11-01 12:00:00,1989-11-02,429.5305013656616
1989-11-16,2436.3246403624457,1989-11-14 22:00:00,1989-11-16,453.6140561103821
1989-11-23,1019.9279021434244,1989-11-22 17:00:00,1989-11-23,0.12903055176138878
1989-11-28,725.8416255510118,1989-11-27 17:00:00,1989-11-28,74.62580502033234
1989-12-07,713.4901778756387,1989-12-06 11:00:00,1989-12-07,1379.343867301941
1989-12-11,1295.0716296781927,1989-12-10 17:00:00,1989-12-11,1081.559419631958
1989-12-16,5456.555817404233,1989-12-15 03:00:00,1989-12-16,717.6874876022339
1989-12-22,8165.447620214943,1989-12-21 03:00:00,1989-12-22,290.2991771697998
1990-01-04,160.21885064672787,1990-01-03 18:00:00,1990-01-04,449.5711028575897
1990-01-12,1101.4298480879072,1990-01-11 16:00:00,1990-01-12,9.618453681468964
1990-02-14,14736.102851850295,1990-02-13 17:00:00,1990-02-14,237.5454604625702
1990-02-28,1714.674581547467,1990-02-27 00:00:00,1990-02-28,372.27487564086914
1990-03-24,5371.048438668292,1990-03-23 13:00:00,1990-03-24,688.4407997131348
1990-04-18,2270.7411482579373,1990-04-16 23:00:00,1990-04-18,625.1780986785889
1990-04-30,6165.894563056107,1990-04-29 07:00:00,1990-04-30,1301.3103008270264
1990-10-18,799.0355667865438,1990-10-17 11:00:00,1990-10-18,62.178827822208405
1990-10-21,713.2372622971628,1990-10-20 12:00:00,1990-10-21,2381.4046382904053
1990-11-17,1252.3268712437227,1990-11-16 09:00:00,1990-11-17,0.0
1990-11-28,1880.469192015971,1990-11-27 04:00:00,1990-11-28,1037.1211767196655
1990-12-13,186.0551885716396,1990-12-12 14:00:00,1990-12-13,317.7218735218048
1990-12-22,10323.31206563554,1990-12-20 23:00:00,1990-12-22,1553.699016571045
1990-12-30,3171.0820094341207,1990-12-29 04:00:00,1990-12-30,272.23411202430725
1991-01-03,2667.8891930751247,1991-01-02 19:00:00,1991-01-03,18.09333637356758
1991-01-21,1653.5629766903874,1991-01-20 03:00:00,1991-01-21,885.5651021003723
1991-01-30,1256.5745515186998,1991-01-29 09:00:00,1991-01-30,439.3259584903717
1991-03-03,3262.205802708209,1991-03-02 08:00:00,1991-03-03,457.5151205062866
1991-03-07,579.5864495830455,1991-03-05 23:00:00,1991-03-07,826.2960910797119
1991-03-13,1418.290881788272,1991-03-12 05:00:00,1991-03-13,596.4314937591553
1991-09-23,1390.7934297499542,1991-09-22 07:00:00,1991-09-23,0.5799620412290096
1991-10-05,1575.8074105521937,1991-10-04 10:00:00,1991-10-05,505.5481195449829
1991-10-19,1354.1545181388365,1991-10-18 14:00:00,1991-10-19,3.2854327000677586
1991-10-29,23762.68622678727,1991-10-28 19:00:00,1991-10-29,371.0228204727173
1991-11-11,496.3152149823146,1991-11-10 04:00:00,1991-11-11,412.0778441429138
1991-11-23,412.3239761437894,1991-11-22 07:00:00,1991-11-23,740.297794342041
1992-03-10,743.5474134117172,1992-03-09 06:00:00,1992-03-10,2294.6643829345703
1992-03-18,2305.9752791253827,1992-03-17 21:00:00,1992-03-18,330.5514454841614
1992-05-03,3457.5086910274663,1992-05-02 08:00:00,1992-05-03,74.94129240512848
1992-09-19,6096.4634711338,1992-09-18 10:00:00,1992-09-19,93.88318657875061
1992-10-15,1571.905529478991,1992-10-14 10:00:00,1992-10-15,9.65428538620472
1992-10-29,989.9766903249498,1992-10-28 12:00:00,1992-10-29,765.2735710144043
1993-01-24,144.47732153021744,1993-01-23 11:00:00,1993-01-24,211.5689516067505
1993-04-04,1986.4992347850923,1993-04-03 12:00:00,1993-04-04,2285.1192951202393
1993-09-14,1087.2841415212847,1993-09-13 06:00:00,1993-09-14,2262.7649307250977
1993-09-23,3834.689616462654,1993-09-22 11:00:00,1993-09-23,221.68883681297302
1993-10-30,1170.9253134268845,1993-10-29 08:00:00,1993-10-30,1076.680302619934
1993-11-24,14950.303868365256,1993-11-23 21:00:00,1993-11-24,632.5619220733643
1993-12-28,1443.5492898747138,1993-12-27 18:00:00,1993-12-28,142.87041127681732
1994-01-07,1227.6594998154128,1994-01-07 01:00:00,1994-01-07,188.79403173923492
1994-01-27,1708.6411697515605,1994-01-26 04:00:00,1994-01-27,3306.1540126800537
1994-02-26,14923.027466583282,1994-02-25 06:00:00,1994-02-26,45.80290615558624
1994-04-03,474.6099691423771,1994-04-02 10:00:00,1994-04-03,840.6196236610413
1994-04-06,5194.645780074843,1994-04-05 02:00:00,1994-04-06,1240.7927513122559
1994-10-30,650.8513444713204,1994-10-29 09:00:00,1994-10-30,53.99780720472336
1994-11-09,1977.751858467801,1994-11-08 14:00:00,1994-11-09,376.3573467731476
1995-03-01,6604.320276266151,1995-02-03 05:00:00,1995-03-01,9.019548073410988
1995-04-10,1445.8355807810356,1995-04-09 10:00:00,1995-04-10,2775.9928703308105
1995-05-18,1967.8263915705293,1995-05-17 10:00:00,1995-05-18,7281.027317047119
1995-09-22,10572.947137097011,1995-09-20 22:00:00,1995-09-22,3305.007219314575
1995-10-14,3270.8335834993886,1995-10-13 09:00:00,1995-10-14,128.3743977546692
1995-10-20,5382.397243720693,1995-10-19 12:00:00,1995-10-20,6.200096569955349
1995-10-24,6759.635377616699,1995-10-23 02:00:00,1995-10-24,1974.3852615356445
1995-11-11,3464.1748826536573,1995-11-10 19:00:00,1995-11-11,236.9638979434967
1995-11-28,1475.876027281373,1995-11-27 06:00:00,1995-11-28,481.4908504486084
1996-01-19,13999.108841080662,1996-01-17 21:00:00,1996-01-19,432.6731562614441
1996-01-31,3002.799738239078,1996-01-30 04:00:00,1996-01-31,265.3999328613281
1996-02-11,2030.9473977608816,1996-02-10 19:00:00,1996-02-11,0.4003413487225771
1996-03-07,3906.88770449444,1996-03-06 06:00:00,1996-03-07,924.4979619979858
1996-03-15,583.7702175327024,1996-03-14 10:00:00,1996-03-15,2551.238775253296
1996-03-25,7867.049934657874,1996-03-24 09:00:00,1996-03-25,1219.7171449661255
1996-04-29,640.5098024542623,1996-04-28 06:00:00,1996-04-29,1841.3289785385132
1996-10-03,2349.773808667084,1996-10-02 13:00:00,1996-10-03,22.329287603497505
1996-10-18,3201.751318498992,1996-10-17 04:00:00,1996-10-18,101.91074013710022
1996-10-21,1690.132740331567,1996-10-21 01:00:00,1996-10-21,645.8964943885803
1996-12-18,2550.932021174824,1996-12-17 01:00:00,1996-12-18,693.830132484436
1997-01-28,4490.066256486709,1997-01-27 10:00:00,1997-01-28,94.36070919036865
1997-03-14,4524.493854594765,1997-03-13 18:00:00,1997-03-14,246.8288242816925
1997-10-13,13922.643499985434,1997-10-12 10:00:00,1997-10-13,2072.91841506958
1997-10-26,10285.669736021318,1997-10-25 05:00:00,1997-10-26,9744.054794311523
1998-12-20,1833.0417420441577,1998-12-19 07:00:00,1998-12-20,555.4182529449463
1999-02-12,11874.98411508658,1999-02-11 03:00:00,1999-02-12,1027.0106792449951
1999-03-03,629.2220582025057,1999-03-02 12:00:00,1999-03-03,48.95780235528946
1999-03-18,774.9389609572195,1999-03-17 13:00:00,1999-03-18,35.03192588686943
1999-05-11,3869.5383548508657,1999-05-10 23:00:00,1999-05-11,548.3288168907166
1999-10-16,1344.667079533256,1999-10-16 01:00:00,1999-10-16,1167.8385734558105
2000-04-16,5521.926344252075,2000-04-16 02:00:00,2000-04-16,25.87924711406231
2000-04-20,1683.1802530535654,2000-04-20 01:00:00,2000-04-20,8.807643316686153
2000-05-01,13318.118643226842,2000-04-30 08:00:00,2000-05-01,2332.365036010742
2000-05-09,10872.415517454008,2000-05-07 13:00:00,2000-05-09,256.28337264060974
2001-02-09,3287.268866831582,2001-02-07 23:00:00,2001-02-09,465.0290310382843
2001-02-15,7722.316329735843,2001-02-14 08:00:00,2001-02-15,223.19525480270386
2001-03-25,4709.870037764503,2001-03-24 03:00:00,2001-03-25,377.8776228427887
2001-05-03,4328.927348565456,2001-05-02 15:00:00,2001-05-03,2025.6476402282715
2001-11-09,2935.308904707554,2001-11-08 04:00:00,2001-11-09,1075.1844644546509
2002-01-24,268.23250594885184,2002-01-23 07:00:00,2002-01-24,368.2992160320282
2002-02-10,1078.758746927013,2002-02-09 03:00:00,2002-02-10,481.47839307785034
2002-02-13,361.4829712047824,2002-02-12 02:00:00,2002-02-13,15.678904950618744
2002-02-25,1950.2182608538967,2002-02-25 09:00:00,2002-02-25,572.2390413284302
2002-02-26,2208.132786146591,2002-02-25 12:00:00,2002-02-26,482.2678565979004
2002-03-02,606.4952165558474,2002-02-02 01:00:00,2002-03-02,0.0006926711648702621
2002-03-22,5964.268585259156,2002-03-21 09:00:00,2002-03-22,13.517276383936405
2002-03-25,5587.035522604938,2002-03-24 21:00:00,2002-03-25,865.2445077896118
2002-04-03,3811.1176161780377,2002-04-02 09:00:00,2002-04-03,37.93280944228172
2002-04-20,1752.227903648724,2002-04-19 07:00:00,2002-04-20,49.95407536625862
2002-05-13,5347.525426037668,2002-05-11 12:00:00,2002-05-13,644.4226503372192
2002-10-03,9917.358177642893,2002-10-02 07:00:00,2002-10-03,949.3528604507446
2002-10-13,1787.865489604003,2002-10-11 13:00:00,2002-10-13,7.910373620688915
2003-01-10,810.2458238372943,2003-01-09 00:00:00,2003-01-10,1.2949493248015642
2003-01-22,584.9833368576484,2003-01-21 08:00:00,2003-01-22,13.835713267326355
2003-02-04,5339.29071417852,2003-02-02 23:00:00,2003-02-04,1503.9968490600586
2003-03-28,1127.9876666387731,2003-03-27 22:00:00,2003-03-28,259.9925696849823
2003-05-20,8597.389839627522,2003-05-19 14:00:00,2003-05-20,238.3122742176056
2003-09-19,5340.24929942884,2003-09-18 03:00:00,2003-09-19,452.24374532699585
2003-10-25,3275.9284531447856,2003-10-24 14:00:00,2003-10-25,209.83605086803436
2003-10-31,1902.0010949363568,2003-10-30 10:00:00,2003-10-31,60.53538620471954
2003-11-22,944.9905434903104,2003-11-21 14:00:00,2003-11-22,79.09675687551498
2004-03-21,1602.4521279510154,2004-03-19 15:00:00,2004-03-21,0.8658254519104958
2004-03-28,7387.753401839151,2004-03-27 14:00:00,2004-03-28,677.4749755859375
2004-04-30,1493.7764381024128,2004-04-29 21:00:00,2004-04-30,1445.616364479065
2004-05-14,5507.831101379168,2004-05-13 08:00:00,2004-05-14,828.7335634231567
2004-09-22,5602.058092134646,2004-09-21 08:00:00,2004-09-22,3129.772186279297
2004-11-02,1329.1820960519278,2004-11-01 09:00:00,2004-11-02,1692.2327280044556
2004-12-22,1998.618193306599,2004-12-20 23:00:00,2004-12-22,112.45977878570557
2005-01-23,1143.9116121195464,2005-01-22 14:00:00,2005-01-23,2.792636165395379
2005-02-16,576.4085163545668,2005-02-15 22:00:00,2005-02-16,338.44804763793945
2005-03-14,1327.6761847807486,2005-03-12 22:00:00,2005-03-14,1174.2619276046753
2005-09-29,10414.17236707622,2005-09-28 13:00:00,2005-09-29,240.51760137081146
2005-10-20,1073.5156015185314,2005-10-19 10:00:00,2005-10-20,1187.2389316558838
2005-11-10,2395.188517796475,2005-11-09 09:00:00,2005-11-10,0.0
2005-11-16,2497.328591355791,2005-11-15 05:00:00,2005-11-16,512.7366185188293
2005-11-28,419.08490721719073,2005-11-27 09:00:00,2005-11-28,530.0402045249939
2005-12-04,727.6386005272047,2005-12-03 08:00:00,2005-12-04,696.8241333961487
2006-01-17,231.65917566424025,2006-01-17 00:00:00,2006-01-17,30.73379211127758
2006-01-20,260.5941256216527,2006-01-20 01:00:00,2006-01-20,1162.3064279556274
2006-02-11,2359.6881510567937,2006-02-09 22:00:00,2006-02-11,254.5081377029419
2006-02-16,2674.109790413615,2006-02-16 08:00:00,2006-02-16,380.30508160591125
2006-03-09,1221.39708616683,2006-03-08 22:00:00,2006-03-09,564.9248361587524
2006-04-07,849.7221642356349,2006-04-06 07:00:00,2006-04-07,115.60066044330597
2006-04-19,544.7688268943498,2006-04-18 15:00:00,2006-04-19,50.47962814569473
2006-04-25,7872.84377407709,2006-04-24 13:00:00,2006-04-25,584.8917365074158
2006-05-04,2862.0745309785943,2006-05-03 22:00:00,2006-05-04,537.890374660492
2006-11-01,4766.12164891628,2006-10-30 23:00:00,2006-11-01,54.02160808444023
2006-11-10,1707.7723855230922,2006-11-09 15:00:00,2006-11-10,187.6344084739685
2006-11-30,2594.46808913651,2006-11-29 02:00:00,2006-11-30,1223.4402894973755
2007-01-13,1658.1554429111384,2007-01-11 21:00:00,2007-01-13,152.44191884994507
2007-02-25,963.5658752152756,2007-02-24 21:00:00,2007-02-25,41.54960811138153
2007-03-30,4007.728810798577,2007-03-29 05:00:00,2007-03-30,698.1282234191895
2007-04-07,7669.100414773894,2007-04-06 00:00:00,2007-04-07,373.49286675453186
2007-10-08,16823.27892795495,2007-10-07 08:00:00,2007-10-08,239.56285417079926
2007-10-22,932.2494622801872,2007-10-21 09:00:00,2007-10-22,1593.4197902679443
2007-11-01,2024.159916407437,2007-10-31 09:00:00,2007-11-01,167.25069284439087
2007-11-06,330.4378236168461,2007-11-06 01:00:00,2007-11-06,0.0
2007-11-15,984.253635275434,2007-11-14 09:00:00,2007-11-15,52.151281386613846
2007-11-21,2952.686633168384,2007-11-20 20:00:00,2007-11-21,672.6300120353699
2007-11-22,2952.366003913625,2007-11-20 20:00:00,2007-11-22,672.6300120353699
2008-01-17,2598.232200796577,2008-01-16 05:00:00,2008-01-17,364.28478360176086
2008-01-22,452.1209034435443,2008-01-21 00:00:00,2008-01-22,52.48386785387993
2008-01-30,2888.4197372537524,2008-01-29 09:00:00,2008-01-30,78.17426323890686
2008-02-15,1017.1538655049312,2008-02-14 16:00:00,2008-02-15,218.03133189678192
2008-02-18,1089.4438439402888,2008-02-17 02:00:00,2008-02-18,282.8446626663208
2008-02-21,1866.9360335855547,2008-02-20 18:00:00,2008-02-21,25.346873328089714
2008-03-03,1002.2765845841744,2008-03-02 15:00:00,2008-03-03,1064.6191835403442
2008-05-02,1683.994003485249,2008-05-01 18:00:00,2008-05-02,820.7103610038757
2008-05-14,668.5631789245081,2008-05-13 07:00:00,2008-05-14,488.0564212799072
2008-10-21,777.550733905987,2008-10-19 17:00:00,2008-10-21,116.2344366312027
2008-11-06,432.9732723283618,2008-11-05 15:00:00,2008-11-06,282.5070023536682
2008-11-15,1100.8760125742072,2008-11-14 07:00:00,2008-11-15,460.26313304901123
2008-11-21,2189.318926430797,2008-11-20 08:00:00,2008-11-21,139.65526223182678
2008-11-28,39.19848482714592,2008-11-27 10:00:00,2008-11-28,380.95158338546753
2008-12-04,4804.326716362472,2008-12-03 08:00:00,2008-12-04,167.25146770477295
2008-12-10,686.6167549116811,2008-12-09 09:00:00,2008-12-10,415.5645966529846
2008-12-15,6341.450993856529,2008-12-14 11:00:00,2008-12-15,443.3267116546631
2009-01-04,6059.706858315652,2009-01-03 18:00:00,2009-01-04,305.0965666770935
2009-01-24,1606.7750304496292,2009-01-23 12:00:00,2009-01-24,265.0927007198334
2009-02-02,616.9104607516305,2009-02-01 18:00:00,2009-02-02,5.779507104307413
2009-04-05,2059.9810669524886,2009-04-04 17:00:00,2009-04-05,1350.961446762085
2009-04-26,3355.365802147018,2009-04-25 11:00:00,2009-04-26,269.65853571891785
2009-09-22,2768.639738021889,2009-09-21 18:00:00,2009-09-22,1082.9626321792603
2009-10-02,1330.332169416459,2009-10-01 07:00:00,2009-10-02,19.25474777817726
2009-10-22,1619.975692752482,2009-10-20 23:00:00,2009-10-22,6067.180156707764
2009-12-03,982.9148021965688,2009-12-02 05:00:00,2009-12-03,369.79496479034424
2009-12-07,434.6884339046496,2009-12-06 11:00:00,2009-12-07,445.4001486301422
2009-12-23,1943.4658411811176,2009-12-23 02:00:00,2009-12-23,1416.8298244476318
2010-03-20,1537.2497588524582,2010-03-19 05:00:00,2010-03-20,1749.1991519927979
2010-04-30,3762.072258947933,2010-04-29 23:00:00,2010-04-30,355.7055592536926
2010-11-30,1184.4056338985324,2010-11-29 12:00:00,2010-11-30,133.80734622478485
2010-12-05,379.5683440982593,2010-12-04 08:00:00,2010-12-05,17.43171364068985
2011-01-01,7787.823185099261,2010-12-31 00:00:00,2011-01-01,1864.3853664398193
2011-02-02,815.3791001945897,2011-01-31 14:00:00,2011-02-02,742.142379283905
2011-02-09,1707.4269616004042,2011-02-08 09:00:00,2011-02-09,1409.9478721618652
2011-03-05,1909.5441697004144,2011-03-04 19:00:00,2011-03-05,475.35043954849243
2011-05-01,3188.547972520007,2011-04-30 03:00:00,2011-05-01,153.91206741333008
2011-10-27,442.8427853059387,2011-10-25 15:00:00,2011-10-27,1563.1351470947266
2011-11-03,1454.6895346535418,2011-11-02 06:00:00,2011-11-03,2049.222946166992
2011-11-20,4358.696857695005,2011-11-19 16:00:00,2011-11-20,11.662300676107407
2011-12-02,420.3918244333832,2011-12-01 03:00:00,2011-12-02,579.3328285217285
2011-12-20,176.48502093584148,2011-12-19 03:00:00,2011-12-20,1843.7501192092896
2012-02-24,242.18176899183564,2012-02-23 12:00:00,2012-02-24,363.36550116539
2012-03-08,670.472763183049,2012-03-07 14:00:00,2012-03-08,98.44815731048584
2012-04-03,1848.7062027056568,2012-04-02 15:00:00,2012-04-03,2761.14559173584
2012-05-07,6136.144665244581,2012-05-06 11:00:00,2012-05-07,330.66463470458984
2012-05-12,2742.342028829404,2012-05-11 16:00:00,2012-05-12,647.5635766983032
2012-05-20,566.467278212806,2012-05-19 10:00:00,2012-05-20,711.284875869751
2012-09-08,12845.315086345216,2012-09-06 17:00:00,2012-09-08,54.64109033346176
2012-09-13,3152.495328381473,2012-09-12 09:00:00,2012-09-13,2051.2266159057617
2012-09-18,305.0618160130217,2012-09-17 11:00:00,2012-09-18,142.60634779930115
2012-10-05,3908.694249031696,2012-10-04 04:00:00,2012-10-05,28.838271275162697
2012-11-12,1694.180681882384,2012-11-10 22:00:00,2012-11-12,762.2523307800293
2012-11-27,809.6708854532669,2012-11-26 16:00:00,2012-11-27,19.389770925045013
2012-12-10,1112.125053673077,2012-12-09 05:00:00,2012-12-10,581.6030502319336
2012-12-26,2071.8569391660963,2012-12-25 01:00:00,2012-12-26,723.0679392814636
2013-01-13,3956.923811807808,2013-01-11 19:00:00,2013-01-13,311.873197555542
2013-01-30,912.1696924113826,2013-01-29 04:00:00,2013-01-30,696.0521340370178
2013-02-19,412.6537825956958,2013-02-18 06:00:00,2013-02-19,86.2974300980568
2013-03-17,856.1387430648729,2013-03-16 14:00:00,2013-03-17,330.30542731285095
2013-04-10,7532.75198302607,2013-04-09 09:00:00,2013-04-10,1258.0244541168213
2013-04-11,535.7293233561485,2013-04-09 09:00:00,2013-04-11,1258.0244541168213
2013-04-24,10075.563166895638,2013-04-22 21:00:00,2013-04-24,1148.5399007797241
2013-05-02,5603.498847881703,2013-05-01 09:00:00,2013-05-02,2000.624656677246
2013-10-29,1825.6023284977373,2013-10-28 23:00:00,2013-10-29,53.7259466946125
2013-11-05,1785.8647839457042,2013-11-04 09:00:00,2013-11-05,267.3968970775604
2013-11-22,7909.4028376664755,2013-11-21 11:00:00,2013-11-22,968.5299396514893
2013-12-05,3605.2902863383392,2013-12-04 03:00:00,2013-12-05,742.5755858421326
2013-12-21,2229.014454589793,2013-12-20 04:00:00,2013-12-21,28.503738343715668
2013-12-30,1640.881376078179,2013-12-29 05:00:00,2013-12-30,281.48961067199707
2014-01-05,625.2861609570393,2014-01-04 12:00:00,2014-01-05,1077.3358345031738
2014-01-24,3699.404163339476,2014-01-23 07:00:00,2014-01-24,517.2309875488281
2014-01-28,2847.597029465855,2014-01-27 03:00:00,2014-01-28,481.2816381454468
2014-02-01,1150.3819551446456,2014-01-31 05:00:00,2014-02-01,1059.1355562210083
2014-02-21,1279.452409922474,2014-02-20 07:00:00,2014-02-21,512.6336812973022
2014-02-26,6526.535422865899,2014-02-25 21:00:00,2014-02-26,256.03196024894714
2014-03-02,23747.700820658047,2014-03-01 20:00:00,2014-03-02,653.5592675209045
2014-03-19,700.3937465104921,2014-03-18 08:00:00,2014-03-19,583.7249755859375
2014-04-28,893.5865573586855,2014-04-27 10:00:00,2014-04-28,1916.3950681686401
2014-10-28,949.4585494299936,2014-10-27 10:00:00,2014-10-28,220.27811408042908
2014-11-12,35222.54197635161,2014-11-10 21:00:00,2014-11-12,373.45418334007263
2014-12-01,11913.762754897589,2014-11-30 21:00:00,2014-12-01,13.567337766289711
2014-12-27,1079.1900287265128,2014-12-26 00:00:00,2014-12-27,968.4001207351685
2015-01-08,7070.12798280622,2015-01-07 07:00:00,2015-01-08,82.11728185415268
2015-01-10,1267.8659353630053,2015-01-09 05:00:00,2015-01-10,160.1186990737915
2015-01-13,2171.4512737236846,2015-01-12 03:00:00,2015-01-13,261.5978717803955
2015-02-05,7358.809806353503,2015-02-04 14:00:00,2015-02-05,277.1511673927307
2015-02-16,3921.1568585810337,2015-02-15 03:00:00,2015-02-16,393.34726333618164
2015-02-27,2104.131449141755,2015-02-26 07:00:00,2015-02-27,606.7583560943604
2015-03-18,1867.037796316577,2015-03-17 07:00:00,2015-03-18,15.532298013567924
2015-04-17,1431.316507030817,2015-04-16 04:00:00,2015-04-17,2247.569799423218
2015-11-12,284.6029783904059,2015-11-11 15:00:00,2015-11-12,447.3498463630676
2016-02-01,1403.1602390752512,2016-01-31 02:00:00,2016-02-01,607.2229146957397
2016-03-24,2414.064271128227,2016-03-23 18:00:00,2016-03-24,1653.6943912506104
2016-10-13,5186.840456619686,2016-10-12 09:00:00,2016-10-13,39.5769327878952
2016-11-18,1620.3517016901385,2016-11-17 17:00:00,2016-11-18,1021.3049650192261
2016-12-07,2701.935874587679,2016-12-06 02:00:00,2016-12-07,67.88822263479233
2016-12-18,13062.286262939486,2016-12-16 22:00:00,2016-12-18,1449.6071338653564
2017-01-01,424.78657543143146,2016-12-31 11:00:00,2017-01-01,71.43230736255646
2017-01-04,2937.103387433258,2017-01-03 02:00:00,2017-01-04,79.21120524406433
2017-02-02,1853.207009322854,2017-01-02 23:00:00,2017-02-02,77.88696140050888
2017-02-13,1628.20124535881,2017-02-12 08:00:00,2017-02-13,163.05726766586304
2017-03-25,2047.355127030729,2017-03-23 15:00:00,2017-03-25,3479.951858520508
2017-10-10,8485.510058519321,2017-10-09 08:00:00,2017-10-10,1772.1147537231445
2017-10-31,428.0320705869276,2017-10-30 09:00:00,2017-10-31,304.23399806022644
2017-11-19,4449.647138877119,2017-11-18 05:00:00,2017-11-19,434.5991313457489
2017-11-29,447.25701255223055,2017-11-28 12:00:00,2017-11-29,118.27453225851059
2017-12-22,587.4091719160814,2017-12-21 10:00:00,2017-12-22,292.6603853702545
2017-12-31,3571.3438619709664,2017-12-30 02:00:00,2017-12-31,1.8336595967411995
2018-01-12,7015.151861494579,2018-01-11 05:00:00,2018-01-12,374.4984567165375
2018-01-16,1426.4296051058805,2018-01-15 16:00:00,2018-01-16,140.20241796970367
2018-01-22,1944.332712626878,2018-01-21 03:00:00,2018-01-22,1811.4495277404785
2018-02-05,8540.444305240479,2018-02-04 14:00:00,2018-02-05,81.31483197212219
2018-02-10,5366.169469172373,2018-02-09 15:00:00,2018-02-10,131.8632811307907
2018-02-20,10634.719420390446,2018-02-19 08:00:00,2018-02-20,583.3439826965332
2018-03-06,605.5550391746976,2018-03-05 05:00:00,2018-03-06,18.53146031498909
2018-04-04,4006.060164850324,2018-04-03 09:00:00,2018-04-04,59.142112731933594
2018-04-07,7108.1968598654885,2018-04-06 19:00:00,2018-04-07,496.1129426956177
2018-04-14,1524.653794697124,2018-04-13 10:00:00,2018-04-14,1822.3209381103516
2018-09-29,1086.637424094642,2018-09-28 10:00:00,2018-09-29,80.97589015960693
2018-10-05,13630.64620574285,2018-10-04 03:00:00,2018-10-05,607.7646613121033
2018-10-15,16888.019883113993,2018-10-14 08:00:00,2018-10-15,847.7609157562256
2018-10-31,961.0883101308413,2018-10-30 04:00:00,2018-10-31,758.7026357650757
2018-11-12,373.5994682906952,2018-11-11 05:00:00,2018-11-12,1154.8017263412476
2018-11-18,3989.8343753842114,2018-11-17 15:00:00,2018-11-18,425.6989657878876
2019-01-23,1613.7519925326053,2019-01-22 07:00:00,2019-01-23,1088.5201692581177
2019-01-29,196.88391222401967,2019-01-28 15:00:00,2019-01-29,123.85590374469757
2019-02-08,22089.60683970194,2019-02-06 22:00:00,2019-02-08,367.3696517944336
2019-03-03,4910.42820595991,2019-03-01 22:00:00,2019-03-03,328.82970571517944
2019-04-12,3166.5855367059403,2019-04-11 01:00:00,2019-04-12,1092.7810668945312
2019-04-30,6135.192142815712,2019-04-29 08:00:00,2019-04-30,638.0192637443542
2019-10-11,3543.0735970982178,2019-10-10 07:00:00,2019-10-11,508.85605812072754
2019-10-28,1924.5079527817363,2019-10-27 08:00:00,2019-10-28,320.95739245414734
2019-11-12,3493.7996709460867,2019-11-11 09:00:00,2019-11-12,229.2080968618393
2019-11-22,930.1246268719566,2019-11-20 22:00:00,2019-11-22,702.1948099136353
2019-12-10,393.8520919599154,2019-12-09 09:00:00,2019-12-10,37.321701645851135
2020-02-04,1593.7776897898625,2020-02-03 10:00:00,2020-02-04,578.9769887924194
2020-04-03,12106.784992247727,2020-04-02 21:00:00,2020-04-03,247.0816671848297
2020-04-13,1996.2112599019904,2020-04-12 10:00:00,2020-04-13,471.74668312072754
2020-09-09,16842.58167079466,2020-09-08 06:00:00,2020-09-09,3296.765089035034
2020-09-28,1518.609939587186,2020-09-27 18:00:00,2020-09-28,228.2278835773468
2020-10-16,12851.46528988652,2020-10-14 23:00:00,2020-10-16,64.84343111515045
2020-10-19,1963.5547231472967,2020-10-18 10:00:00,2020-10-19,46.98064923286438
2020-10-24,12276.092929481394,2020-10-22 21:00:00,2020-10-24,22.984694689512253
2020-10-26,5568.839611536048,2020-10-24 22:00:00,2020-10-26,802.8958439826965
2020-12-11,263.21239520857426,2020-12-11 02:00:00,2020-12-11,506.1303377151489
2020-12-24,2226.880808350505,2020-12-23 07:00:00,2020-12-24,42.03453287482262
2021-01-15,656.8608668509866,2021-01-14 08:00:00,2021-01-15,65.15360623598099
2021-02-05,1714.4464048275802,2021-02-04 06:00:00,2021-02-05,438.2301867008209
2021-03-31,4819.771649164923,2021-03-30 05:00:00,2021-03-31,383.23774933815
2021-04-07,1841.9332853748865,2021-04-07 03:00:00,2021-04-07,326.9137144088745
2021-05-10,3293.605907838998,2021-05-09 10:00:00,2021-05-10,1449.8350620269775
2021-09-18,5351.729910992893,2021-09-17 14:00:00,2021-09-18,8.099963888525963
2021-11-01,672.4865777315472,2021-10-31 06:00:00,2021-11-01,183.09497833251953
2021-11-09,393.2619109852645,2021-11-09 02:00:00,2021-11-09,9.548738598823547
2021-11-18,3125.050761659851,2021-11-17 10:00:00,2021-11-18,44.861797243356705
2021-12-07,10677.291979511052,2021-12-06 01:00:00,2021-12-07,6.94346334785223
2022-01-02,7763.161264447313,2021-12-31 23:00:00,2022-01-02,1244.1492080688477
2022-01-20,2622.5517930435044,2022-01-19 13:00:00,2022-01-20,155.71600198745728
2022-02-02,932.9841359779967,2022-02-02 02:00:00,2022-02-02,1545.457363128662
2022-02-17,1925.6291700747408,2022-02-16 22:00:00,2022-02-17,697.8621482849121
2022-02-23,26143.08701972424,2022-02-22 00:00:00,2022-02-23,165.11057317256927
2022-03-06,5345.579445018415,2022-03-06 00:00:00,2022-03-06,712.8847241401672
2022-04-11,1496.2034871542248,2022-04-11 04:00:00,2022-04-11,43.17651689052582
2022-04-14,2330.7346168918825,2022-04-13 00:00:00,2022-04-14,138.9080435037613
2022-04-24,27075.46113843308,2022-04-23 04:00:00,2022-04-24,355.7947874069214
2022-05-21,6750.961723835718,2022-05-20 06:00:00,2022-05-21,1263.0665302276611
2022-09-10,3267.645497532573,2022-09-10 00:00:00,2022-09-10,904.2983055114746
2022-09-22,5556.971814158538,2022-09-21 16:00:00,2022-09-22,1614.208459854126
2022-11-11,907.8171413904994,2022-11-10 03:00:00,2022-11-11,40.17771780490875
2022-11-30,316.81987476869114,2022-11-29 05:00:00,2022-11-30,528.9843678474426
2022-12-14,1187.44409419007,2022-12-13 18:00:00,2022-12-14,515.1118040084839
2022-12-23,26660.4751329962,2022-12-22 02:00:00,2022-12-23,471.38509154319763
